,Date,Location,Text,Title,Source,Label,Lat,Long
0,"Sat, 18 May 2019 21:00:00 -0400",Thailand,thailand no justice years after red shirt crackdown,Thailand: No Justice 9 Years After ‘Red Shirt’ Crackdown,https://www.hrw.org/news/2019/05/18/thailand-no-justice-9-years-after-red-shirt-crackdown,Respect for integrity of the person,15.870032,100.992541
1,"Fri, 17 May 2019 22:15:00 -0400",Sri Lanka,sri lanka failed pledges mar years since war s end,Sri Lanka: Failed Pledges Mar 10 Years Since War’s End,https://www.hrw.org/news/2019/05/17/sri-lanka-failed-pledges-mar-10-years-wars-end,Respect for integrity of the person,7.873053999999999,80.77179699999999
2,"Fri, 17 May 2019 15:15:06 -0400",Taiwan, lovewins in taiwan,#LoveWins in Taiwan,https://www.hrw.org/news/2019/05/17/lovewins-taiwan,"Discrimination, societal abuses, human trafficking",23.69781,120.960515
3,"Fri, 17 May 2019 08:53:25 -0400",Azerbaijan,don t be fooled by azerbaijan at europa league football final,Don’t Be Fooled by Azerbaijan at Europa League Football Final,https://www.hrw.org/news/2019/05/17/dont-be-fooled-azerbaijan-europa-league-football-final,"Discrimination, societal abuses, human trafficking",40.143105,47.576927
4,"Thu, 16 May 2019 11:57:44 -0400",Philippines,philippines drug war top cop elected to senate,Philippines ‘Drug War’ Top Cop Elected to Senate,https://www.hrw.org/news/2019/05/16/philippines-drug-war-top-cop-elected-senate,Freedom for political participation,12.879721,121.774017
6,"Thu, 16 May 2019 02:00:00 -0400",Italy,italy reject anti rescue proposals,Italy: Reject Anti-Rescue Proposals,https://www.hrw.org/news/2019/05/16/italy-reject-anti-rescue-proposals,"Discrimination, societal abuses, human trafficking",41.87194,12.56738
7,"Thu, 16 May 2019 00:00:01 -0400",Israel,israel s eurovision dare to dream unless you re caged in gaza,Israel’s Eurovision: ‘Dare to Dream’ Unless You’re Caged in Gaza,https://www.hrw.org/news/2019/05/16/israels-eurovision-dare-dream-unless-youre-caged-gaza,"Discrimination, societal abuses, human trafficking",31.046051,34.851612
8,"Thu, 16 May 2019 00:00:00 -0400",Morocco,morocco law misused to silence reporters,Morocco: Law Misused to Silence Reporters,https://www.hrw.org/news/2019/05/16/morocco-law-misused-silence-reporters,Workers rights,31.791702,-7.092619999999999
9,"Wed, 15 May 2019 13:45:17 -0400",Alabama,alabama s abortion ban is a dark day for women,Alabama’s Abortion Ban Is A Dark Day for Women,https://www.hrw.org/news/2019/05/15/alabamas-abortion-ban-dark-day-women,"Discrimination, societal abuses, human trafficking",32.3182314,-86.902298
10,"Wed, 15 May 2019 09:00:00 -0400",Limbo,brazil court delay leaves zika families in limbo,Brazil Court Delay Leaves Zika Families in Limbo,https://www.hrw.org/news/2019/05/15/brazil-court-delay-leaves-zika-families-limbo,Respect for integrity of the person,38.24909239999999,-85.7583459
11,"Wed, 15 May 2019 04:47:35 -0400",France,france guarantee press freedom,France: Guarantee Press Freedom,https://www.hrw.org/news/2019/05/15/france-guarantee-press-freedom,Respect for civil liberties,46.227638,2.213749
12,"Wed, 15 May 2019 02:57:29 -0400",Congo,prosecute dr congo s general amisi,Prosecute DR Congo’s General Amisi,https://www.hrw.org/news/2019/05/15/prosecute-dr-congos-general-amisi,"Discrimination, societal abuses, human trafficking",-4.038333,21.758664
13,"Wed, 15 May 2019 02:00:01 -0400",Iran,iran labor activists detained since may day,Iran: Labor Activists Detained Since May Day,https://www.hrw.org/news/2019/05/15/iran-labor-activists-detained-may-day,Workers rights,32.427908,53.688046
14,"Wed, 15 May 2019 00:00:01 -0400",Bahrain,bahrain suspend death penalty,Bahrain: Suspend Death Penalty,https://www.hrw.org/news/2019/05/15/bahrain-suspend-death-penalty,"Discrimination, societal abuses, human trafficking",26.0667,50.5577
15,"Thu, 16 May 2019 13:30:48 +0000",Italy,italy legal provision not allowing home detention ruled unconstitutional may on april the italian constitutional court declared unconstitutional article ter paragraph ter of law no of july because it failed to provide for humanitarian home detention for convicted prisoners experiencing supervening serious mental illnesses decision no of april issued in a constitutional legitimacy case ,Italy: Legal Provision Not Allowing Home Detention Ruled Unconstitutional,http://www.loc.gov/law/foreign-news/article/italy-legal-provision-not-allowing-home-detention-ruled-unconstitutional/,Respect for integrity of the person,41.87194,12.56738
16,"Wed, 15 May 2019 13:30:19 +0000",Germany,germany de facto complete exclusion of stepchild adoption for unmarried couples held unconstitutional may in a decision published on may the german federal constitutional court bundesverfassungsgericht bverfg held that the fact that an unmarried stepparent cannot adopt his or her partner s child without terminating the child s legal relationship to the latter thereby de facto excluding stepchild adoption in such cases violates the equal treatment ,Germany: De Facto Complete Exclusion of Stepchild Adoption for Unmarried Couples Held Unconstitutional,http://www.loc.gov/law/foreign-news/article/germany-de-facto-complete-exclusion-of-stepchild-adoption-for-unmarried-couples-held-unconstitutional/,"Discrimination, societal abuses, human trafficking",51.165691,10.451526
17,"Mon, 13 May 2019 13:45:18 +0000",Ukraine,ukraine legislature adopts language law may on april the verkhovna rada ukraine s legislature adopted a law enhancing the role of ukrainian as a state language proekt zakonu pro zabespechennya funktsionuvannya ukrainskoi movi yak derzhavnoi law on ensuring the functioning of the ukrainian language as a state language verkhovna rada website scroll down and click tekst zakonoproektu ,Ukraine: Legislature Adopts Language Law,http://www.loc.gov/law/foreign-news/article/ukraine-legislature-adopts-language-law/,Workers rights,48.379433,31.1655799
18,"Tue, 23 Apr 2019 14:00:22 +0000",Brazil,brazil brazilian president signs acts addressing bureaucracy corruption and drug policy apr on april brazilian president jair bolsonaro signed acts including measures relating to corruption modernization bureaucracy drug policy and literacy policy assinados atos para modernizar e desburocratizar o pa xed s not xcd cias governo do brasil apr five of the most significant of the acts signed by bolsonaro are as ,"Brazil: Brazilian President Signs Acts Addressing Bureaucracy, Corruption, and Drug Policy",http://www.loc.gov/law/foreign-news/article/brazil-brazilian-president-signs-acts-addressing-bureaucracy-corruption-and-drug-policy/,Corruption and transparency,-14.235004,-51.92528
19,"Thu, 18 Apr 2019 13:45:38 +0000",Finland,finland parliament revokes law exempting jehovah s witnesses from mandatory military service apr on february the finnish parliament voted to amend its mandatory military service law by revoking a more than thirty year old exemption for jehovah s witnesses from basic military training item in the minutes pr rd government bill for parliament with proposed laws on revoking the act exempting jehovah s witnesses from performing ,Finland: Parliament Revokes Law Exempting Jehovah’s Witnesses from Mandatory Military Service,http://www.loc.gov/law/foreign-news/article/finland-parliament-revokes-law-exempting-jehovahs-witnesses-from-mandatory-military-service/,Respect for integrity of the person,61.92410999999999,25.7481511
20,"Tue, 16 Apr 2019 13:30:27 +0000",UAE,uae court orders doctors to pay blood money to patient s family apr on march the united arab emirates federal supreme court in abu dhabi upheld the rulings of a criminal court of first instance and an appellate court to grant the family of a deceased patient the right to receive blood money the federal supreme court issued a decision ordering two asian ,UAE: Court Orders Doctors to Pay Blood Money to Patient’s Family,http://www.loc.gov/law/foreign-news/article/uae-court-orders-doctors-to-pay-blood-money-to-patients-family/,Respect for integrity of the person,23.424076,53.847818
21,"Fri, 12 Apr 2019 14:00:31 +0000",Japan,japan law requiring surgery for legal change of gender ruled constitutional apr on january japan s supreme court held that a law requiring that transgender people undergo gender change surgery in order to have their gender changed on official documents is constitutional supreme court ku no jan click on the two characters beside the pdf icon supreme court of japan website ,Japan: Law Requiring Surgery for Legal Change of Gender Ruled Constitutional,http://www.loc.gov/law/foreign-news/article/japan-law-requiring-surgery-for-legal-change-of-gender-ruled-constitutional/,Freedom for political participation,36.204824,138.252924
22,"Thu, 11 Apr 2019 13:30:28 +0000",Russia,russia russian president signs anti fake news laws apr on march russian president vladimir putin signed two laws passed by the russian parliament aimed at countering the creation and dissemination of fake news federal law on amending article of the federal law on information information technologies and protection of information mar pravo legal media website in ,Russia: Russian President Signs Anti-fake News Laws,http://www.loc.gov/law/foreign-news/article/russia-russian-president-signs-anti-fake-news-laws/,Corruption and transparency,61.52401,105.318756
23,"Mon, 08 Apr 2019 13:30:04 +0000",Syria,syria women s rights in light of new amendments to syrian personal status law apr on february the people s assembly of syria approved amendments to more than articles of the personal status law issued by legislative decree no of president al assad issues law amending certain articles of personal status law issued by legislative decree no of and its amendments syrian ,Syria: Women’s Rights in Light of New Amendments to Syrian Personal Status Law,http://www.loc.gov/law/foreign-news/article/syria-womens-rights-in-light-of-new-amendments-to-syrian-personal-status-law/,Respect for civil liberties,34.80207499999999,38.996815
24,"Mon, 01 Apr 2019 16:30:01 +0000",Brazil,brazil federal supreme court orders criminal investigation into fake news involving the court apr on march minister dias toffoli the president of the brazilian federal supreme court supremo tribunal federal stf announced that he had enacted an administrative act portaria ordering the opening of a criminal investigation into fake news and internet threats targeting the stf and its ministers and family members president of ,Brazil: Federal Supreme Court Orders Criminal Investigation into Fake News Involving the Court,http://www.loc.gov/law/foreign-news/article/brazil-federal-supreme-court-orders-criminal-investigation-into-fake-news-involving-the-court/,Corruption and transparency,-14.235004,-51.92528
25,"Thu, 16 May 2019 06:00:37 GMT",Indonesia,moral panic over gender identity film sparks backlash in indonesia p director gets death threats as sign petition to have lgbt film memories of my body banned lest young imitate behaviour p p the release of an award winning indonesian film about a male dancer exploring his sexuality has led to a backlash from religious groups in the south east asian country p p the release of garin nugroho s a href of my body a comes at a time of increased antagonism towards the country s lesbian gay bisexual and transgender lgbt community p p span related span a href mps call for trans activist to be burned alive after historic speech a p a href reading a ,'Moral panic' over gender identity film sparks backlash in Indonesia,https://www.theguardian.com/global-development/2019/may/16/moral-panic-over-gender-identity-film-sparks-backlash-in-indonesia,"Discrimination, societal abuses, human trafficking",-0.789275,113.921327
26,"Tue, 14 May 2019 12:07:47 GMT",Myanmar,un urges worldwide withdrawal of support for myanmar military p world must cut off money supply to commanders accused of war crimes and genocide against rohingya say investigators p p the international community must cut off all support to myanmar s military as part of efforts to hold army commanders to account for crimes against humanity and genocide un investigators have said following a fact finding mission in the country p p in a statement the un said there had been no progress in protecting the rohingya minority more than a million of whom have fled military clearance operations in the rakhine region p p span related span a href deal with myanmar military linked company raises human rights alarm a p a href reading a ,UN urges worldwide withdrawal of support for Myanmar military,https://www.theguardian.com/global-development/2019/may/14/un-urges-worldwide-withdrawal-of-support-for-myanmar-military,Respect for integrity of the person,21.916221,95.955974
27,"Fri, 10 May 2019 06:00:44 GMT",China,china failing trans people as young attempt surgery on themselves  study p stigma and ignorance drive young people to undertake high risk treatment without telling families amnesty researchers say p p young transgender people in china are risking their lives and health by taking unsafe hormones and attempting surgery on themselves according to researchers at amnesty international p p an alarming lack of knowledge and expertise within the country s public health system as well as restrictive eligibility requirements has made it almost impossible for trans people to access safe hormone therapy or other gender affirming treatment said the human rights group in a report published on friday p p span related span a href transgender woman freed after a year in us detention a p a href reading a ,China 'failing trans people' as young attempt surgery on themselves – study,https://www.theguardian.com/global-development/2019/may/10/china-failing-trans-people-as-young-attempt-surgery-on-themselves-study,"Discrimination, societal abuses, human trafficking",35.86166,104.195397
28,"Thu, 02 May 2019 06:00:17 GMT",Myanmar,we will lose any hope of going home rohingya live in fear of resettlement p plans to relocate rohingya people in myanmar s rakhine state promise to dash their dreams of returning to traditional life p p for the past seven years mohammad has been able to see the beach on the outskirts of sittwe and the indian ocean beyond only through a barbed wire fence p p the only difference between a prison and the rakhine camps is that in prison at least they know how long their sentence is says the year old shaking his head p p span related span a href survivors why do they want to destroy us in pictures a p a href reading a ,'We will lose any hope of going home': Rohingya live in fear of resettlement,https://www.theguardian.com/global-development/2019/may/02/we-will-lose-any-hope-of-going-home-rohingya-live-in-fear-of-resettlement-myanmar-rakhine-state,Respect for integrity of the person,21.916221,95.955974
29,"Fri, 26 Apr 2019 16:36:26 GMT",Armenia,speech that led to death threats against an armenian trans activist video p armenia s first passport registered transgender woman has received death threats following an impassioned parliamentary speech lilit martirosyan became the first member of the country s lesbian gay bisexual transgender and intersex community nbsp a href take to the parliamentary podium a speaking out against discrimination at a session before the committee on human rights the speech delivered a fortnight ago has sparked a vicious backlash in armenia where homosexuality has been decriminalised but discrimination against lgbti people remains rife nbsp p p a href mps call for trans activist to be burned alive after historic speech a p a href reading a ,Speech that led to death threats against an Armenian trans activist – video,https://www.theguardian.com/global-development/video/2019/apr/26/the-speech-that-led-to-death-threats-against-an-armenian-trans-activist-video,"Discrimination, societal abuses, human trafficking",40.069099,45.038189
30,"Fri, 26 Apr 2019 06:00:18 GMT",Landmark,armenian mps call for trans activist to be burned alive after historic speech p landmark parliamentary address on lgbti discrimination challenges reformist agenda of post revolution government p p armenia s first registered transgender woman has received death threats after making a historic speech in her country s national assembly p p lilit martirosyan became the first member of her country s lesbian gay bisexual transgender and intersex lgbti community a href take to the parliamentary podium a speaking out against discrimination at a session of its committee on human rights a video of the speech has been shared around the world p p i left armenia because i was attacked and banished from my home i fled because there is no justice in my country p p span related span a href transgender woman freed after a year in us detention a p a href reading a ,Armenian MPs call for trans activist to be burned alive after historic speech,https://www.theguardian.com/global-development/2019/apr/26/armenian-mps-call-for-trans-activist-to-be-burned-alive-after-historic-speech-lilit-martirosyan,"Discrimination, societal abuses, human trafficking",37.09024,-95.712891
31,"Fri, 05 Apr 2019 10:06:20 GMT",Rwanda,paul kagame orders release of women and girls jailed over abortion in rwanda p women s rights activists welcome presidential pardon of female prisoners as evidence of progress p p rwanda s president has pardoned hundreds of girls and women jailed for abortion p p the women are expected to be released immediately under the a href prerogative a p p span related span a href here to work not for sex battling violence against women in rwanda sophie cousins a p a href reading a ,Paul Kagame orders release of women and girls jailed over abortion in Rwanda,https://www.theguardian.com/global-development/2019/apr/05/paul-kagame-orders-release-of-women-and-girls-jailed-over-abortion-in-rwanda,"Discrimination, societal abuses, human trafficking",-1.940278,29.873888
32,"Thu, 04 Apr 2019 14:42:15 GMT",Britain,british watchdog launches inquiry into wwf abuse allegations p charity commission to assess whether money sent abroad was subject to due diligence as german mps urge funding halt p p britain s charity regulator has launched a formal investigation into the world wide fund for nature following a href the conservation group is implicated in human rights abuses against people in africa and asia p p the inquiry by the charity commission will assess whether wwf s uk arm followed due diligence in ensuring that money sent abroad did not contribute to abuse p p span related span a href the guardian securely a p p span related span a href accused of funding guards who tortured and killed scores of people a p a href reading a ,British watchdog launches inquiry into WWF abuse allegations,https://www.theguardian.com/global-development/2019/apr/04/british-watchdog-launches-inquiry-into-wwf-abuse-allegations,Corruption and transparency,55.378051,-3.435973
33,"Tue, 02 Apr 2019 11:12:32 GMT",Eritrea,europe accused of financing eritrean project based on forced labour p campaigners say m eu scheme uses recruits from eritrea s national service a system likened to mass enslavement p p eritreans in exile have launched legal proceedings against the eu accusing it of financing a scheme in eritrea that uses forced labour p p the netherlands based a href human rights for eritreans a fhre has a href on the eu to immediately stop a m m road construction project which it says violates human rights law as well as the eu s own charter since it uses national service recruits p a href reading a ,Europe accused of financing Eritrean project based on 'forced labour',https://www.theguardian.com/global-development/2019/apr/02/europe-accused-financing-eritrea-project-based-on-forced-labour,Workers rights,15.179384,39.782334
34,"Sun, 17 Mar 2019 18:29:09 GMT",Xinjiang,the guardian view on xinjiang s detention camps not just china s shame editorial p vast numbers of uighurs and other muslim minorities are being held in detention the world must speak out p p an a list comedian well known singers scholars pensioners and civil servants the a href title list of prisoners a grows as many as million uighurs and other muslims are or have been held in camps in china s xinjiang region without charge or trial a leading researcher believes virtually no uighur family is untouched he says p p china has moved from denying the camps to a href title describing them as a vocational training centres comparable to boarding schools in the run up to last week s meeting of the un human rights council in geneva it invited diplomats from selected countries on a href title tours and choreographed visits a for a few journalists who were greeted with people singing if you re happy and you know it clap your hands according to beijing these are students receiving free accommodation skills training and lessons in chinese language and law p a href reading a ,The Guardian view on Xinjiang’s detention camps: not just China’s shame | Editorial,https://www.theguardian.com/commentisfree/2019/mar/17/the-guardian-view-on-xinjiangs-detention-camps-not-just-chinas-shame,Respect for integrity of the person,42.5246357,87.5395855
35,"Fri, 15 Mar 2019 10:20:59 GMT",UK,uk charity knew of alleged abuse in congo parks but did not act p wildlife trust that funded eco guards at the centre of rights abuse claims comes under scrutiny over failure to alert charities watchdog p p a british charity set up to fund conservation parks in the congo basin knew about allegations that tribal people were being abused by park guards but failed to alert the charities watchdog the guardian can reveal p p last week wwf a href an inquiry a into claims that it has funded paramilitary guards accused of torturing sexually assaulting and murdering people in africa and asia in response to the claims a href by buzzfeed news a the organisation said it has stringent policies to ensure the safeguarding of indigenous peoples rights and would take swift action should the review uncover any breaches p p span related span a href accused of funding guards who tortured and killed scores of people a p a href reading a ,UK charity knew of alleged abuse in Congo parks but did not act,https://www.theguardian.com/global-development/2019/mar/15/uk-charity-knew-of-alleged-abuse-in-congo-parks-but-did-not-act-sangha-tri-national-trust-fund,"Discrimination, societal abuses, human trafficking",55.378051,-3.435973
36,"Wed, 13 Mar 2019 18:19:12 GMT",China,china is in a league of its own on human rights violations pompeo says p pompeo singled out beijing for detaining members of muslim minority groups as he unveiled annual human rights report p p china is in a league of its own when it comes to human rights violations the us secretary of state mike pompeo said on wednesday as he unveiled the state department s annual report on human rights around the world p p span related span a href you enter a camp you never come out inside chinas war on islam a p p span related span a href alters golan heights designation from israeli occupied to israeli controlled a p a href reading a ,"China is 'in a league of its own' on human rights violations, Pompeo says",https://www.theguardian.com/global-development/2019/mar/13/china-human-rights-violations-mike-pompeo,Workers rights,35.86166,104.195397
37,"Wed, 13 Mar 2019 07:00:10 GMT",Egypt,egypt executed people in february why is the uk staying silent rhys davies p britain is egypt s largest foreign investor yet at the recent arab eu summit theresa may was oddly quiet on rights abuses p p while there may be a href special place in hell a for those who backed brexit without a plan regimes that execute people after fundamentally flawed trials get their own summit just a fortnight ago donald tusk and the leaders of the eu met with the egyptian president abdel fatah al sisi at the a href summit a in sharm el sheikh days after his regime executed nine people p p the summit was co chaired by tusk and sisi tusk and other european leaders including theresa may were curiously silent at the summit about the fate of egypt s political prisoners the a href of the nine a convicted after unfair trials in which human rights campaigners say confessions were elicited by torture was the third consecutive week of executions in total a href people were put to death a a href in february a in egypt p p rhys davies is a barrister specialising in international law p a href reading a ,Egypt executed 15 people in February. Why is the UK staying silent? | Rhys Davies,https://www.theguardian.com/global-development/2019/mar/13/egypt-executed-15-people-in-february-why-is-the-uk-staying-silent,Respect for integrity of the person,26.820553,30.802498
38,"Wed, 13 Mar 2019 05:00:04 GMT",India, there are few gay people in india stigma lingers despite legal victory michael safi and aarti singh p a landmark ruling legalised gay sex in the country in yet the lgbt community still face stigma and violence p p when india s supreme court announced it was a href gay sex a people hugged in twos and threes on the lawns outside the delhi courthouse they draped themselves in rainbow flags in bangalore and released balloons into the sky in mumbai s nightclubs they danced all night p p in patna the dusty capital of the east indian state of bihar roshni did nothing we felt good when people were marching in delhi and mumbai she says everyone wanted to follow them but then we feared what other people would think how they would react p a href reading a ,‘There are few gay people in India’: stigma lingers despite legal victory | Michael Safi and Aarti Singh,https://www.theguardian.com/global-development/2019/mar/13/gay-people-india-stigma-lingers-despite-legal-victory,"Discrimination, societal abuses, human trafficking",20.593684,78.96288
39,"Tue, 05 Mar 2019 07:00:43 GMT",UK,uk policy on migration disconnected and incoherent mps warn p report says aid to displaced people in africa undermined by home office approach to asylum seekers and refugees p p the uk government s migration policy is disconnected and incoherent and involves the pitting of one government department against another a report by mps has said p p the international development committee idc urged the government to double the number of vulnerable refugees offered resettlement in britain up to a year p p span related span a href support for libya contributes to extreme abuse of refugees says study a p a href reading a ,"UK policy on migration 'disconnected and incoherent', MPs warn",https://www.theguardian.com/global-development/2019/mar/05/uk-policy-on-migration-disconnected-and-incoherent-mps-warn,Respect for civil liberties,55.378051,-3.435973
40,"Fri, 01 Mar 2019 14:36:22 GMT",Iran,global war on drugs could harm efforts to abolish death sentences study p iran reforms drive fall in death penalty worldwide but report warns hardline approach to minor cases violates human rights p p global efforts to abolish the death penalty are in danger of being undermined by anti drug governments that use capital punishment to enforce a zero tolerance approach experts have warned p p the caution comes even though the number of people sentenced to death for drug offences around the world has actually fallen by nearly over the past four years according to a href study a by harm reduction international with known deaths last year compared with in p p span related span a href can we take power away from criminal gangs legalise drugs martin drewry a p a href reading a ,Global war on drugs could harm efforts to abolish death sentences - study,https://www.theguardian.com/global-development/2019/mar/01/global-war-on-drugs-could-harm-efforts-to-abolish-death-sentences-study,Corruption and transparency,32.427908,53.688046
41,"Thu, 28 Feb 2019 13:33:23 GMT",Poland,study warns of global rise in autocratic leaders hijacking laws for own ends p poland the worst offender as global justice index identifies decline in checks on government power for second successive year p p autocratic rule is on the rise throughout the world with a growing number of authoritarian leaders hijacking laws to consolidate their own power a study of global justice has found p p a href demonstrated the most significant turn towards authoritarianism over the past four years followed by a href and herzegovina a and a href in all of countries surveyed made similar moves towards autocratic rule in the past year alone according to a href annual rule of law index a published by the world justice project p p even as they amass new powers authoritarian leaders cynically justify their actions as upholding the rule of law p p span related span a href of ugandans quit internet after introduction of social media tax a p a href reading a ,Study warns of global rise in autocratic leaders 'hijacking' laws for own ends,https://www.theguardian.com/global-development/2019/feb/28/study-warns-of-rise-in-autocratic-leaders-hijacking-laws-for-own-ends-world-justice-project-global-justice-index,Respect for civil liberties,51.919438,19.145136
42,"Wed, 27 Feb 2019 12:36:25 GMT",Uganda,millions of ugandans quit internet services as social media tax takes effect p economic fears raised as online subscriptions plummet in months following launch of levy created to curb gossip p p millions of people in uganda have abandoned social media after punishing taxes were imposed on the use of networking sites and on money transactions using mobile phones p p a daily levy introduced in july to tame idle talk online and raise revenue affects more than online platforms including facebook whatsapp and twitter to use such sites ugandans are expected to a href a tax of ugandan shillings a p a day p p it has made business very difficult i can t manage to pay employees and pay rent p p span related span a href tax on social media can t prevent ugandans taunting their leaders a p a href reading a ,Millions of Ugandans quit internet services as social media tax takes effect,https://www.theguardian.com/global-development/2019/feb/27/millions-of-ugandans-quit-internet-after-introduction-of-social-media-tax-free-speech,Respect for civil liberties,1.373333,32.290275
43,"Fri, 22 Feb 2019 10:22:27 GMT",Paris,amnesty international leaders offer to resign over bullying culture p letter from seven staff admits mistakes after report warns of toxic work environment br p p amnesty international s seven member senior leadership team has offered to resign after a damning report warned of a toxic working environment and widespread bullying p p a letter signed jointly by the human rights group s leadership team acknowledged mistakes had been made adding that the seven senior leaders took shared responsibility for the climate of tension and mistrust across the organisation p p span related span a href international has toxic working culture report finds a p p span related span a href faces scrutiny as inquiry links paris workers suicide to his job a p p em in the uk samaritans can be contacted on or email a href mailto jo samaritans org jo samaritans org a in the us the national suicide prevention lifeline is a href tel a in australia the crisis support service lifeline is other international suicide helplines can be found at a href a href reading a ,Amnesty International leaders offer to resign over bullying culture,https://www.theguardian.com/global-development/2019/feb/22/amnesty-international-leaders-offer-to-resign-over-bullying-workplace-culture,Workers rights,48.856614,2.3522219
44,"Fri, 17 May 2019 14:29:10 GMT",Russia,council of europe votes to maintain russias membership p human rights body had stripped moscow of its voting rights over crimea annexation p p russia will remain in the council of europe after ministers at the human rights organisation moved to end a bitter dispute following the a href of crimea a p p meeting in helsinki ministers of the nation body voted overwhelmingly in favour of a declaration that said all member states should be entitled to participate on an equal basis in the council s committee of ministers and parliamentary assembly p a href reading a ,Council of Europe votes to maintain Russia's membership,https://www.theguardian.com/world/2019/may/17/council-of-europe-votes-to-maintain-russia-membership-crimea,Freedom for political participation,61.52401,105.318756
45,"Fri, 17 May 2019 13:18:34 GMT",Northern Ireland,in northern ireland our hearts break for alabama we know about abortion bans elizabeth nelson the criminalisation of women held to ransom by political deal making must be resisted in our society abortion is freedom p it feels like a lifetime ago since may in many ways it was because that day when the republic of ireland a href title voted to repeal a the eighth amendment of its constitution which outlawed abortion in virtually every circumstance was a unique step forward for abortion rights in a world where they are rapidly being dismantled p p while the legislation brought in after the irish referendum is imperfect the overall success of the a href title repeal movement a against so many obstacles gave campaigners across the world an incredible sense of hope but one year on global abortion rights are under increasing threat and that moment in may feels like an exception instead of a promise of what was to come p p we have been threatened and prosecuted we have been shamed p p span related span a href takes war on abortion worldwide as policy cuts off funds a p p span related span a href more anti abortion than other developed countries global poll a p a href reading a ,"In Northern Ireland, our hearts break for Alabama: we know about abortion bans | Elizabeth Nelson",https://www.theguardian.com/commentisfree/2019/may/17/northern-ireland-alabama-abortion-bans,Respect for civil liberties,54.7877149,-6.4923145
47,"Wed, 15 May 2019 23:01:21 GMT",Iraq,the guardian view on prosecuting war crimes no one is above the law editorial the new defence secretary ought to understand that the rule of law can only be upheld by observing it p the limelight was always going to be on penny mordaunt as defence secretary a brexiter accused by the last prime minister of a href title lying a to win she is now a href title touted a as theresa may s emotionally intelligent successor she did nothing to dispel such speculation with a speech on wednesday promising to protect soldiers from lawfare a pejorative term coined to describe the use of a country s legal system to undermine its defences ms mordaunt said she would seek a presumption against prosecution for offences committed in conflict more than a decade ago covering the wars in iraq and afghanistan and seek a future opt out of the european convention on human rights p p this is part of a familiar narrative about the hounding of british soldiers by what is claimed are money grabbing lawyers launching ill founded cases into alleged wartime abuse it is true that one lawyer who acted for torture victims was found a href title guilty a of misconduct and struck off as a solicitor but the work of the iraq historic allegations team also saw the ministry of defence paying out millions of pounds in a href title compensation a to victims of abuse in hundreds of cases modern armies have to comply with international humanitarian law and are rightly held to account if they don t this ought not impede conflict and post conflict operations it should ensure they are legal ending violations would end the litigation there are about cases outstanding alleged victims and perpetrators ought to see justice p a href reading a ,The Guardian view on prosecuting war crimes: no one is above the law | Editorial,https://www.theguardian.com/commentisfree/2019/may/15/the-guardian-view-on-prosecuting-war-crimes-no-one-is-above-the-law,Respect for integrity of the person,33.223191,43.679291
48,"Wed, 15 May 2019 16:46:38 GMT",Wallonia,belgian antisemitism and anti kosher laws letters p laws banning kosher slaughter in flanders and wallonia are an attack on religious freedom writes strong brooke goldstein strong p p belgium s jewish community does indeed face intensified antisemitism a href title antisemitism in belgian schools the biggest insult is jew a may an additional factor making jews question their future in belgium has come not from the street or from murderous islamist attacks like that at the jewish museum in but from the legislature the regional parliaments of both flanders and wallonia have passed laws banning kosher slaughter an attack on religious freedom that sends an unwelcoming message to jews and other minority faiths p p with the rise in antisemitic attacks legislatures should seek to protect jews not attack them further my organisation the lawfare project is therefore supporting the umbrella body for belgium s jews the coordinating committee of jewish organizations in belgium in its lawsuits against this discrimination the matter is currently under review by the european court of justice but overturning the ban on kosher meat production is a necessary step in reassuring belgium s jews of their future in the country br strong brooke goldstein strong br em executive director the lawfare project em p a href reading a ,Belgian antisemitism and anti-kosher laws | Letters,https://www.theguardian.com/news/2019/may/15/belgian-antisemitism-and-anti-kosher-laws,Respect for civil liberties,50.4175637,4.451006599999999
49,"Wed, 15 May 2019 13:04:04 GMT",Northern Ireland,amnesty should be given to troubles soldiers says mordaunt p defence secretary would extend veterans amnesty to northern ireland p p penny mordaunt the defence secretary has said she wanted soldiers who served during the troubles in northern ireland to be covered by proposals to introduce an effective amnesty from prosecutions for all other military veterans p p the minister said she wanted to implement a wider solution for the veterans community despite the fact the northern ireland secretary karen bradley has repeatedly ruled out amnesties to placate the region s nationalist community p p span related span a href to give veterans amnesty for battle crimes a p a href reading a ,"Amnesty should be given to Troubles soldiers, says Mordaunt",https://www.theguardian.com/uk-news/2019/may/15/northern-ireland-troubles-soldiers-should-be-given-amnesty-says-mordaunt,"Discrimination, societal abuses, human trafficking",54.7877149,-6.4923145
50,"Wed, 15 May 2019 10:36:33 GMT",UK,uk government security decisions can be challenged in court judges rule p supreme court says gchq s hacking powers should be subject to judicial review p p government security decisions will in future be open to challenge in the courts after judges ruled that a secretive intelligence tribunal could not be exempt from legal action p p by a majority supreme court justices declared that the extent of gchq s powers to hack into internet services should be subject to judicial review p p span related span a href discloses secret location of former london office a p a href reading a ,"UK government security decisions can be challenged in court, judges rule",https://www.theguardian.com/uk-news/2019/may/15/government-security-gchq-decisions-can-be-challenged-in-court-judges-rule,Respect for integrity of the person,55.378051,-3.435973
52,"Mon, 13 May 2019 22:49:17 GMT",Myanmar,adani deal with myanmar military linked company raises human rights alarm p australian expert worries queensland coal may help fund armed forces accused of genocide p p the adani group has signed a us m commercial deal with a holding company controlled by the myanmar armed forces who have been a href by un investigators of committing genocide a and crimes against humanity p p the indian conglomerate behind the controversial carmichael coal project in north queensland was granted permission in april to develop a container port in yangon on land owned by the myanmar economic corporation the mec generates significant revenue for the myanmar military known as the tatmadaw p p span related span a href will lose any hope of going home rohingya live in fear of resettlement a p p span related span a href willing to go to jail to stop adani and save our beloved country will you stand with me richard flanagan a p p span related span a href to stop adani fight the labour hire creep van badham a p a href reading a ,Adani deal with Myanmar military-linked company raises human rights alarm,https://www.theguardian.com/business/2019/may/14/adani-deal-with-myanmar-military-linked-company-raises-human-rights-alarm,Respect for integrity of the person,21.916221,95.955974
53,"Sun, 12 May 2019 18:00:39 GMT",Australia,torres strait islanders take climate change complaint to the united nations p morrison government accused of failing to take action to reduce emissions or pursue adaptation measures p p a group of torres strait islanders from low lying islands off the northern coast of australia will on monday lodge a complaint with the united nations human rights committee against the australian government alleging climate inaction p p the complaint will assert that the morrison government has failed to take adequate action to reduce emissions or pursue proper adaptation measures on the islands and as a consequence has failed fundamental human rights obligations to torres strait islander people p p span related span a href tide driven by super blue blood moon inundates torres strait island a p p span related span a href some of us voting is an indignity that is a choice between the lesser of racists sana nakata for indigenousx a p a href reading a ,Torres Strait Islanders take climate change complaint to the United Nations,https://www.theguardian.com/australia-news/2019/may/13/torres-strait-islanders-take-climate-change-complaint-to-the-united-nations,Freedom for political participation,-25.274398,133.775136
55,"Fri, 10 May 2019 14:57:44 GMT",Bahrain,i m fasting in protest outside royal windsor horse show to save my father in bahrain ali mushaima while the queen welcomes king hamad to the event the uk is turning a blind eye to the slow murder of political prisoners p this week the british royal family is rolling out the red carpet to greet hundreds of guests from around the world at the annual a href title royal windsor horse show a which began on wednesday and continues until sunday it is a major part of the royal calendar with the a href title queen in attendance a among the most enthusiastic of the show s regular guests is king hamad bin isa al khalifa of bahrain who is invited every year to enjoy the opulent equestrian festivities and his sons p p hamad enjoys friendly relations with the queen in he a href title gifted a her two prized arabian horses from his royal stables in the queen returned the gesture a href title presenting him a with a horse from her own stables hamad even has an event at the show saturday s king s cup named after him p p the torture was so severe that he required four operations and continues to suffer from his injuries to this day p p lang en dir ltr today i resumed my protest to save my year old father a href who is still denied medical care br br this time i protest against the person who s responsible for my father s imprisonment br br dictator hamad of a href is at a href amp will sit next to the queen a href span related span a href authorities are killing my father i m on hunger strike to save him ali mushaima a p a href reading a ,I’m fasting in protest outside Royal Windsor Horse Show to save my father in Bahrain | Ali Mushaima,https://www.theguardian.com/commentisfree/2019/may/10/fasting-royal-windsor-horse-show-bahrain-king-hamad,Respect for integrity of the person,26.0667,50.5577
57,"Fri, 10 May 2019 11:25:46 GMT",Vietnam,thai activists accused of insulting monarchy disappear in vietnam p deputy pm denies reports that thailand is holding the three dissidents in custody p p three thai activists facing charges of insulting the monarchy have disappeared after reportedly being arrested in vietnam months after two exiled critics of the military and monarchy died p p the three dissidents had fled lese majesty charges and continued to broadcast anti monarchist and anti junta commentary from exile chucheep chiwasut known as uncle sanam luang siam theerawut and kritsana thapthai were reportedly stopped after crossing over the border from laos into vietnam a month ago reportedly using fake passports p p span related span a href on the mekong why exiled thai dissidents are abducted and killed a p a href reading a ,Thai activists accused of insulting monarchy 'disappear' in Vietnam,https://www.theguardian.com/world/2019/may/10/thai-activists-accused-of-insulting-monarchy-disappear-in-vietnam,Respect for integrity of the person,14.058324,108.277199
58,"Fri, 10 May 2019 09:01:08 GMT",Ireland,asylum seekers in ireland are intimidated into silence over their poor treatment emer o toole p direct provision centres demean and deter those who seek protection but residents fear retribution if they complain br p p in the year asylum seekers were formally removed from ireland s welfare system and institutionalised under a system called direct provision direct provision provides compulsory communal accommodation three meals a day at strict times and a small monetary allowance direct provision centres located in old hotels hostels and guest houses on paved caravan sites in disused barracks and in the case of one centre a defunct holiday park are run by private contractors for profit by now they are a href title big business a p p direct provision was supposed to accommodate people for no more than six months some people have been there for years children have grown up in these institutions p p span related span a href attempts to secularise its schools have turned to farce emer otoole a p a href reading a ,Asylum seekers in Ireland are intimidated into silence over their poor treatment | Emer O’Toole,https://www.theguardian.com/commentisfree/2019/may/10/asylum-seekers-ireland-intimidated-inhumane-direct-provision,Respect for civil liberties,53.1423672,-7.692053599999999
59,"Thu, 09 May 2019 17:00:04 GMT",Jamaica,things are so bad even the police are scared deportees live in fear in jamaica p people deported on flight from uk in february say they dare not leave the house and violence is endemic p ul li a href five men killed in past year since being deported from uk to jamaica a li ul p twenty eight men and one woman were onboard a flight to kingston chartered by the home office in february the first deportation flight since the windrush scandal p p according to five of those on the plane who were interviewed by the guardian many are now living in fear and after the a href of five people a deported from the uk to jamaica since march last year they say some are in hiding because they are worried they could be next p p span related span a href five men killed in past year after being deported from uk to jamaica a p a href reading a ,'Things are so bad even the police are scared': deportees live in fear in Jamaica,https://www.theguardian.com/uk-news/2019/may/09/deportees-live-in-fear-jamaica-kingston-violence-police-deportation-uk,"Discrimination, societal abuses, human trafficking",18.109581,-77.297508
60,"Thu, 09 May 2019 17:00:04 GMT",UK,revealed five men killed in past year after being deported from uk to jamaica p killings put pressure on home office to justify resumption of deportation charter flights p ul li a href are so bad even the police are scared deportees live in fear in jamaica a li ul p at least five people have been killed in jamaica since march last year after being deported from the uk by the home office the guardian has learned p p the killings took place after the men were sent back to jamaica which has one of the highest per capita murder rates in the world despite strict rules prohibiting deportations to countries in which an individual s life may be in danger p p span related span a href are so bad even the police are scared deportees live in fear in jamaica a p p owen clarke who was shot and killed by armed men on february clarke known as father fowl and roy fowl was a music promoter and had been convicted of dealing drugs according to jamaican media he was a leader of the british link up crew a dancehall events business in the uk and jamaica which was allegedly a front for drug smuggling p p dewayne robinson known as little wicked was murdered on march p p alphonso harriott known as oney british and reportedly part of the same crew as clarke was murdered on march p p paul mitchell was fatally stabbed on december in the grocery store at which he worked p p hugh bennett a shopkeeper was stabbed to death on december p a href reading a ,Revealed: five men killed in past year after being deported from UK to Jamaica,https://www.theguardian.com/uk-news/2019/may/09/revealed-five-men-killed-since-being-deported-uk-jamaica-home-office,Respect for integrity of the person,55.378051,-3.435973
61,"Wed, 08 May 2019 23:00:54 GMT",Britain,abuse of mps hitting unprecedented levels says met police chief p fallout from brexit vote sees crimes against politicians soar cressida dick tells committee p p criminal abuse and harassment of mps are running at unprecedented levels reflecting polarised opinions in the aftermath of the brexit vote britain s most powerful police officer told a parliamentary committee on wednesday p p the warning from cressida dick the metropolitan police chief was accompanied by official statistics showing that the number of crimes committed against mps had more than doubled to in from the year before p a href reading a ,"Abuse of MPs hitting unprecedented levels, says Met police chief",https://www.theguardian.com/society/2019/may/08/abuse-of-mps-hitting-unprecedented-levels-says-met-police-chief,Freedom for political participation,55.378051,-3.435973
62,"Tue, 07 May 2019 23:01:10 GMT",UK,time limit on detaining immigrants could save m a year says study p report for liberty prompts calls to end indefinite jailing of suspected illegal immigrants p p a day time limit on immigration detention could save the public purse up to m a year a report by economic data consultants has found prompting renewed calls for ministers to bring an end to the indefinite jailing of suspected illegal immigrants p p the uk has one of the largest immigration detention systems in europe and is the only country in the region without a statutory time limit on length of detention p a href reading a ,"Time limit on detaining immigrants could save £35m a year, says study",https://www.theguardian.com/uk-news/2019/may/08/time-limit-on-detaining-immigrants-could-save-35m-a-year-says-study,Respect for integrity of the person,55.378051,-3.435973
63,"Tue, 07 May 2019 17:52:08 GMT",Scotland,msps vote to raise criminal responsibility age to in scotland p move unanimously backed but some want it raised further to in line with un s stance p p ministers are under pressure to raise the age of criminal responsibility in england and wales after the scottish parliament voted in favour of a new higher age of p p the equalities and human rights commission ehrc has urged reform across the uk after the un s committee on the rights of the child uncrc decided the global minimum at which a child can be prosecuted should be p p span related span a href the age of criminal responsibility too low at open thread a p a href reading a ,MSPs vote to raise criminal responsibility age to 12 in Scotland,https://www.theguardian.com/law/2019/may/07/scotland-raises-age-of-criminal-responsibility-from-8-to-12,"Discrimination, societal abuses, human trafficking",56.49067119999999,-4.2026458
65,"Wed, 01 May 2019 13:53:00 -0400",India,india announces development of bhr action plan,India Announces Development of BHR Action Plan,https://www.globalgovernancewatch.org/publications/detail/india-announces-development-of-bhr-action-plan,Workers rights,20.593684,78.96288
66,"Wed, 01 May 2019 13:51:00 -0400",UK,ngos seek uk corporate due diligence law,NGOs Seek UK Corporate “Due Diligence” Law,https://www.globalgovernancewatch.org/publications/detail/ngos-seek-uk-corporate-due-diligence-law,"Discrimination, societal abuses, human trafficking",55.378051,-3.435973
67,"Fri, 17 May 2019 05:55:00 GMT",Russia,ministers agree way for russia to rejoin europes human rights body helsinki reuters foreign ministers from the council of europe the continent s chief human rights watchdog reached an agreement on friday that opens the way for russia to return to the ,Ministers agree way for Russia to rejoin Europe's human rights body,http://www.bing.com/news/apiclick.aspx?ref=FexRss&aid=&tid=4F44E5500A284463B6A49006FF468DC6&url=https%3a%2f%2fwww.reuters.com%2farticle%2fus-europe-rights-coe-russia%2fministers-agree-way-for-russia-to-rejoin-europes-human-rights-body-idUSKCN1SN194%3ffeedType%3dRSS%26feedName%3dworldNews&c=1758926794192292179&mkt=en-us,Freedom for political participation,61.52401,105.318756
68,"Sat, 18 May 2019 08:13:00 GMT",South Africa’s,south africa s racist founding father was also a human rights pioneer gen jan christiaan smuts creditcreditculture club getty images the ranks of diplomats gathered in paris during the spring of included a most unusual member of the british imperial delegation a ,South Africa’s Racist Founding Father Was Also a Human Rights Pioneer,http://www.bing.com/news/apiclick.aspx?ref=FexRss&aid=&tid=4F44E5500A284463B6A49006FF468DC6&url=https%3a%2f%2fwww.nytimes.com%2f2019%2f05%2f18%2fopinion%2fjan-smuts-south-africa.html&c=2672990739406168105&mkt=en-us,Freedom for political participation,-30.559482,22.937506
69,"Fri, 17 May 2019 08:31:00 GMT",Sudan,un human rights expert condemns attacks on sudan protesters cairo a u n human rights expert has condemned attacks on sudanese protesters that left six killed including an army officer earlier this week calling on the ruling military council to ensure the ,UN human rights expert condemns attacks on Sudan protesters,http://www.bing.com/news/apiclick.aspx?ref=FexRss&aid=&tid=4F44E5500A284463B6A49006FF468DC6&url=https%3a%2f%2fwww.washingtonpost.com%2fworld%2fafrica%2fun-human-rights-expert-condemns-attacks-on-sudan-protesters%2f2019%2f05%2f17%2f4646aba2-78b7-11e9-a7bf-c8a43b84ee31_story.html&c=18375430576538520659&mkt=en-us,Respect for integrity of the person,12.862807,30.217636
70,"Sun, 19 May 2019 12:03:00 GMT",Alabama,als abortion law addresses an urgent human rights issue if we believe human life is infinitely valuable then how a pregnancy begins even through rape or incest is irrelevant a preborn human life is at stake writes carrie sheffield the alabama law ,AL's Abortion Law Addresses an Urgent Human Rights Issue,http://www.bing.com/news/apiclick.aspx?ref=FexRss&aid=&tid=4F44E5500A284463B6A49006FF468DC6&url=https%3a%2f%2fwww.realclearpolitics.com%2f2019%2f05%2f19%2fals_abortion_law_addresses_an_urgent_human_rights_issue_475265.html&c=17378114380404926617&mkt=en-us,"Discrimination, societal abuses, human trafficking",32.3182314,-86.902298
72,"Sun, 19 May 2019 11:19:00 GMT",Syria,syria monthly human rights digest may this digest on syria is prepared by the office of the united nations high commissioner for human rights ohchr it is intended to provide an overview of the impact of armed conflict and violence ,Syria: Monthly Human Rights Digest - May 2019,http://www.bing.com/news/apiclick.aspx?ref=FexRss&aid=&tid=4F44E5500A284463B6A49006FF468DC6&url=https%3a%2f%2freliefweb.int%2freport%2fsyrian-arab-republic%2fsyria-monthly-human-rights-digest-may-2019&c=6243706421449032005&mkt=en-us,Respect for integrity of the person,34.80207499999999,38.996815
73,"Fri, 17 May 2019 15:37:00 GMT",Winnipeg,genocide against indigenous peoples recognized by canadian museum for human rights the canadian museum of human rights in winnipeg now deems the treatment of indigenous peoples in canada a genocide a change in position following criticism previously the museum had said indigenous ,Genocide against Indigenous Peoples recognized by Canadian Museum for Human Rights,http://www.bing.com/news/apiclick.aspx?ref=FexRss&aid=&tid=4F44E5500A284463B6A49006FF468DC6&url=https%3a%2f%2fwww.msn.com%2fen-ca%2fnews%2fcanada%2fgenocide-against-indigenous-peoples-recognized-by-canadian-museum-for-human-rights%2far-AABvMvz&c=11089414519426839981&mkt=en-us,"Discrimination, societal abuses, human trafficking",49.895136,-97.13837439999999
74,"Sat, 18 May 2019 10:51:00 GMT",Morocco,human rights watch report details new crackdown on journalists in morocco a report from human rights watch hrw released last week describes how morocco is using a law to control and imprison citizen reporters by claiming that they do not have the professional credentials ,Human Rights Watch Report Details New Crackdown On Journalists In Morocco,http://www.bing.com/news/apiclick.aspx?ref=FexRss&aid=&tid=4F44E5500A284463B6A49006FF468DC6&url=https%3a%2f%2fwww.ibtimes.com%2fhuman-rights-watch-report-details-new-crackdown-journalists-morocco-2793006&c=14540015482353150668&mkt=en-us,Respect for civil liberties,31.791702,-7.092619999999999
75,"Fri, 17 May 2019 13:42:00 GMT",Sudan,un human rights expert denounces attacks on sudan protesters a un human rights expert has condemned reports of excessive use of force by sudanese security forces against protesters demanding the countrys military rulers cede power to a civilian led ,UN human rights expert denounces attacks on Sudan protesters,http://www.bing.com/news/apiclick.aspx?ref=FexRss&aid=&tid=4F44E5500A284463B6A49006FF468DC6&url=https%3a%2f%2fwww.aljazeera.com%2fnews%2f2019%2f05%2fhuman-rights-expert-denounces-attacks-sudan-protesters-190517164758383.html&c=1555635145739987666&mkt=en-us,Respect for integrity of the person,12.862807,30.217636
76,"Sun, 19 May 2019 12:56:00 GMT",Italy,un tells italy proposed decree violates migrants rights rome ap the italian interior ministry vowed sunday to press ahead with a new decree formalizing the closure of italian ports to aid groups that rescue migrants even after u n human rights ,UN tells Italy proposed decree violates migrants' rights,http://www.bing.com/news/apiclick.aspx?ref=FexRss&aid=&tid=4F44E5500A284463B6A49006FF468DC6&url=https%3a%2f%2fwww.nhregister.com%2fnews%2fworld%2farticle%2fUN-tells-Italy-proposed-decree-violates-migrants-13857136.php&c=9152360305770402876&mkt=en-us,Respect for civil liberties,41.87194,12.56738
77,2019-05-19T19:07:30Z,Dutchess County,dutchess county b human rights b commission plans june listening session in stanfordville,Dutchess County <b>Human Rights</b> Commission plans June 5 &#39;listening session&#39; in Stanfordville,https://www.google.com/url?rct=j&sa=t&url=https://www.dailyfreeman.com/news/local-news/dutchess-county-human-rights-commission-plans-june-listening-session-in/article_f281344a-78db-11e9-a516-7faf95480741.html&ct=ga&cd=CAIyGjdmNGI0OGY3YWM5MzE3YzU6Y29tOmVuOlVT&usg=AFQjCNFdUyeTFGD2ayZF6KsWtCfEyACz_Q,Corruption and transparency,41.7784372,-73.7477857
78,2019-05-19T15:56:15Z,DR,torture thrives in climate of impunity in dr congo,Torture Thrives in Climate of Impunity in DR Congo,https://www.google.com/url?rct=j&sa=t&url=https://www.voanews.com/a/torture-thrives-in-climate-of-impunity-in-dr-congo/4923517.html&ct=ga&cd=CAIyGjdmNGI0OGY3YWM5MzE3YzU6Y29tOmVuOlVT&usg=AFQjCNEb01DIIfIyzrc_f0U8lI7fIHmVEQ,Respect for integrity of the person,37.09024,-95.712891
80,2019-05-19T13:07:30Z,Egypt,house ratchets up pressure on egypt,House ratchets up pressure on Egypt,https://www.google.com/url?rct=j&sa=t&url=https://www.al-monitor.com/pulse/originals/2019/05/us-house-spending-bill-egypt-military-aid-conditions.html&ct=ga&cd=CAIyGjdmNGI0OGY3YWM5MzE3YzU6Y29tOmVuOlVT&usg=AFQjCNF8BjHzEjvXmx_XELUlSXlZDVAGSg,Freedom for political participation,26.820553,30.802498
81,2019-05-19T11:09:06Z,Italy,un tells italy proposed decree violates migrants b rights b ,UN tells Italy proposed decree violates migrants&#39; <b>rights</b>,https://www.google.com/url?rct=j&sa=t&url=https://www.wral.com/un-tells-italy-proposed-decree-violates-migrants-rights/18396900/&ct=ga&cd=CAIyGjdmNGI0OGY3YWM5MzE3YzU6Y29tOmVuOlVT&usg=AFQjCNFZ1JUz-AVYBIEc15Jmtr_06sTsvw,Respect for civil liberties,41.87194,12.56738
82,2019-05-19T10:52:30Z,Italy,un tells italy proposed decree violates migrants b rights b ,UN tells Italy proposed decree violates migrants&#39; <b>rights</b>,https://www.google.com/url?rct=j&sa=t&url=http://www.startribune.com/un-tells-italy-proposed-decree-violates-migrants-rights/510132332/&ct=ga&cd=CAIyGjdmNGI0OGY3YWM5MzE3YzU6Y29tOmVuOlVT&usg=AFQjCNGpn5hxKwsB34r6EbHOcaMAMiwXzA,Respect for civil liberties,41.87194,12.56738
83,2019-05-19T10:07:30Z,Syria,syria monthly b human rights b digest may ,Syria: Monthly <b>Human Rights</b> Digest - May 2019,https://www.google.com/url?rct=j&sa=t&url=https://reliefweb.int/report/syrian-arab-republic/syria-monthly-human-rights-digest-may-2019&ct=ga&cd=CAIyGjdmNGI0OGY3YWM5MzE3YzU6Y29tOmVuOlVT&usg=AFQjCNGqEqJcGD9MGL4Jx4ANJuNOlqjhTQ,"Discrimination, societal abuses, human trafficking",34.80207499999999,38.996815
84,2019-05-19T13:25:33+00:00,Israel,deported swedish activist this is how israel treated us in prison,Deported Swedish activist: 'This is how Israel treated us in prison',https://www.reddit.com/r/humanrights/comments/bqgx3n/deported_swedish_activist_this_is_how_israel/,Respect for integrity of the person,31.046051,34.851612
86,2019-05-18T00:51:19+00:00,Kosovo,kosovo war rape photo from porn site prompts uproar,Kosovo 'War Rape' Photo From Porn Site Prompts Uproar,https://www.reddit.com/r/humanrights/comments/bpz4cx/kosovo_war_rape_photo_from_porn_site_prompts/,"Discrimination, societal abuses, human trafficking",42.6026359,20.902977
87,2019-05-17T22:18:21+00:00,Afrin, olive branch factions prevent the kurdish farmers from harvesting their agricultural crops in afrin countryside except with a license from the turkish backed factions,“Olive Branch” factions prevent the Kurdish farmers from harvesting their agricultural crops in Afrin countryside except with a “license” from the Turkish-backed factions,https://www.reddit.com/r/humanrights/comments/bpxke8/olive_branch_factions_prevent_the_kurdish_farmers/,"Discrimination, societal abuses, human trafficking",41.189407,-73.16487130000002
88,2019-05-15T05:17:25+00:00,Syria,inside syria s secret torture prisons how bashar al assad crushed dissent,Inside Syria’s Secret Torture Prisons: How Bashar al-Assad Crushed Dissent,https://www.reddit.com/r/humanrights/comments/botqch/inside_syrias_secret_torture_prisons_how_bashar/,Respect for integrity of the person,34.80207499999999,38.996815
89,2019-05-14T12:46:27+00:00,Gaza,gaza blockade causes near ten fold increase in food dependency says un agency,"Gaza blockade causes ‘near ten-fold increase’ in food dependency, says UN agency",https://www.reddit.com/r/humanrights/comments/boih41/gaza_blockade_causes_near_tenfold_increase_in/,Corruption and transparency,31.3546763,34.3088255
90,2019-05-12T19:47:07+00:00,Syria,inside syrias secret torture prisons how bashar al assad crushed dissent,Inside Syria's Secret Torture Prisons: How Bashar al-Assad Crushed Dissent,https://www.reddit.com/r/humanrights/comments/bnt95v/inside_syrias_secret_torture_prisons_how_bashar/,Respect for integrity of the person,34.80207499999999,38.996815
91,2019-05-11T13:49:23+00:00,China,inside china s surveillance crackdown on uyghurs,Inside China’s Surveillance Crackdown on Uyghurs,https://www.reddit.com/r/humanrights/comments/bnc94y/inside_chinas_surveillance_crackdown_on_uyghurs/,"Discrimination, societal abuses, human trafficking",35.86166,104.195397
93,2019-05-09T14:35:11+00:00,Kazakhstan,a man in kazakhstan held up a blank sign to see if he d be detained he was ,A Man in Kazakhstan Held Up a Blank Sign to See if He’d Be Detained. He Was.,https://www.reddit.com/r/humanrights/comments/bmkjx2/a_man_in_kazakhstan_held_up_a_blank_sign_to_see/,Respect for integrity of the person,48.019573,66.923684
94,2019-05-08T06:55:44+00:00,Russia,russia new anti gay crackdown in chechnya,Russia: New Anti-Gay Crackdown in Chechnya,https://www.reddit.com/r/humanrights/comments/bm21yf/russia_new_antigay_crackdown_in_chechnya/,"Discrimination, societal abuses, human trafficking",61.52401,105.318756
95,2019-05-08T05:20:24+00:00,Xinjiang,human rights watch reverse engineers mass surveillance app used by police in xinjiang,Human Rights Watch Reverse-Engineers Mass Surveillance App used by Police in Xinjiang,https://www.reddit.com/r/humanrights/comments/bm1bq5/human_rights_watch_reverseengineers_mass/,Respect for integrity of the person,42.5246357,87.5395855
96,2019-05-07T19:46:33+00:00,China,pakistani christian girls trafficked to china as brides,Pakistani Christian girls trafficked to China as brides,https://www.reddit.com/r/humanrights/comments/blv85u/pakistani_christian_girls_trafficked_to_china_as/,"Discrimination, societal abuses, human trafficking",35.86166,104.195397
97,2019-05-07T22:01:36+00:00,Egypt,the kidney brokers yemeni organs sold for in egypt,"The Kidney Brokers: Yemeni organs sold for $5,000 in Egypt",https://www.reddit.com/r/humanrights/comments/blwvth/the_kidney_brokers_yemeni_organs_sold_for_5000_in/,"Discrimination, societal abuses, human trafficking",26.820553,30.802498
100,"Sun, 19 May 2019 11:27:35 GMT",Arab Republic:,syrian arab republic syria monthly human rights digest may united nations high commissioner for span class match human rights span ohchr it is intended possible future ihl and span class match human rights span concerns that may arise not seek to highlight all span class match human rights span violations and abuses committed on a few key span class match human rights span issues which are of ,Syrian Arab Republic: Syria: Monthly Human Rights Digest - May 2019,https://humanrights.einnews.com/article/485647548/8rbpnFSefhaSv3K0?ref=rss&ecode=FArWteAQFHbsjpvX,Workers rights,34.0632115,-118.366019
102,"Sat, 18 May 2019 15:32:41 GMT",Qatar,protection of human rights tops qatars priorities al muraikhi all united nations span class match human rights span mechanisms in particular the span class match human rights span council to treaties and the national span class match human rights span action plan currently under national span class match human rights span committee nhrc in promoting span class match human rights span and its reports on span class match human rights span ,Protection of human rights tops Qatar's priorities: Al-Muraikhi,https://humanrights.einnews.com/article/485594521/1gLFCNcmOmS1bHMG?ref=rss&ecode=FArWteAQFHbsjpvX,Respect for civil liberties,25.354826,51.183884
104,"Sat, 18 May 2019 13:05:56 GMT",Iran,iran us acts against un charter human rights of all international norms and span class match human rights span addressing the th meeting of charter international regulations and the span class match human rights span and can have destructive impacts ,"Iran: US Acts against UN Charter, Human Rights",https://humanrights.einnews.com/article/485586677/noF4P-oOX9w3ZtEO?ref=rss&ecode=FArWteAQFHbsjpvX,Corruption and transparency,32.427908,53.688046
105,"Sat, 18 May 2019 15:19:24 GMT",South Africa’s,south africa s racist founding father was also a human rights pioneer smuts felt a different affinity with another famous american woodrow wilson in the latter stages of drafting the treaty smuts was privately critical of wilson fearing that he was capitulating to those who wanted to punish germany and so ,South Africa’s Racist Founding Father Was Also a Human Rights Pioneer,https://humanrights.einnews.com/article/485593793/kLsQhMnuCaSSM2_P?ref=rss&ecode=FArWteAQFHbsjpvX,"Discrimination, societal abuses, human trafficking",-30.559482,22.937506
107,"Sat, 18 May 2019 08:56:20 GMT",Alabama,alabama women s rights are human rights ap women s rights are span class match human rights span and those rights were trampled ,Alabama: Women’s Rights Are Human Rights,https://humanrights.einnews.com/article/485576150/TX78MCyBLI_ofAoS?ref=rss&ecode=FArWteAQFHbsjpvX,"Discrimination, societal abuses, human trafficking",32.3182314,-86.902298
110,"Sat, 18 May 2019 01:26:40 GMT",Israel,amnesty israel arms human rights violators uae myanmar and intelligence equipment to serial span class match human rights span violators including the united arab to countries that systematically violate span class match human rights span and that often these united nations high commissioner for span class match human rights span subsequently called for the myanmar ,"Amnesty: Israel arms human rights violators UAE, Myanmar",https://humanrights.einnews.com/article/485543540/MBG_mM3XTe4bG2t_?ref=rss&ecode=FArWteAQFHbsjpvX,"Discrimination, societal abuses, human trafficking",31.046051,34.851612
112,"Sat, 18 May 2019 00:25:22 GMT",Russia,ministers agree on russia return to rejoin europes human rights body of the european convention on span class match human rights span and the creator of the european court of span class match human rights span in strasbourg it also it is harder for any span class match human rights span abuses to be flagged said nina nordstrom head of span class match human rights span policy at the finnish foreign ,Ministers agree on Russia return to rejoin Europe's human rights body,https://humanrights.einnews.com/article/485537400/74itZaNe8y8bdYYM?ref=rss&ecode=FArWteAQFHbsjpvX,Corruption and transparency,61.52401,105.318756
115,"Sat, 18 May 2019 02:47:54 GMT",Alabama,alabamas abortion law addresses an urgent human rights issue a more useful analogy though imperfect to illustrate the distinction in the abortion debate would juxtapose it against an end of life conversation for a vulnerable elderly parent who is on life support an elderly sick parent with very limited chance ,Alabama's abortion law addresses an urgent human rights issue,https://humanrights.einnews.com/article/485550957/uWDVSwUSvDDUFGBD?ref=rss&ecode=FArWteAQFHbsjpvX,"Discrimination, societal abuses, human trafficking",32.3182314,-86.902298
116,"Fri, 17 May 2019 21:35:36 GMT",Sudan,un human rights expert denounces attacks on sudan protesters a un span class match human rights span expert has condemned reports of united nations independent expert on span class match human rights span in sudan called on friday demonstrations began last month the span class match human rights span watch put the death toll ,UN human rights expert denounces attacks on Sudan protesters,https://humanrights.einnews.com/article/485519381/-R_cqlNQfc7f8lXU?ref=rss&ecode=FArWteAQFHbsjpvX,"Discrimination, societal abuses, human trafficking",12.862807,30.217636
118,"Sat, 18 May 2019 00:19:42 GMT",India,gurpreet singh visiting human rights defender from india introduced to b c mlas a courageous lawyer who stood up for the family of an eight year old victim of brutal rape and murder in india received a warm reception at the b c legislature on may deepika singh rajawat stepped forward to take up the case of asifa bano a muslim ,Gurpreet Singh: Visiting human-rights defender from India introduced to B.C. MLAs,https://humanrights.einnews.com/article/485536871/BIFfn-4NRnj7ZAs9?ref=rss&ecode=FArWteAQFHbsjpvX,"Discrimination, societal abuses, human trafficking",20.593684,78.96288
122,"Fri, 17 May 2019 15:25:17 GMT",Sudan,un human rights expert condemns attacks on sudan protesters cairo ap a u n span class match human rights span expert has condemned attacks on n independent expert on the span class match human rights span situation in sudan was quoted ,UN human rights expert condemns attacks on Sudan protesters,https://humanrights.einnews.com/article/485482185/VTINEvG4HSKBXg10?ref=rss&ecode=FArWteAQFHbsjpvX,"Discrimination, societal abuses, human trafficking",12.862807,30.217636
123,"Fri, 17 May 2019 11:17:52 GMT",Russia,ministers agree way for russia to rejoin europes human rights body continent s chief span class match human rights span watchdog reached an agreement on the european convention on span class match human rights span and the creator of the european court of span class match human rights span in strasbourg it also nina nordstrom head of span class match human rights span policy at the finnish foreign ,Ministers agree way for Russia to rejoin Europe's human rights body,https://humanrights.einnews.com/article/485470071/bo_bUC4OsID6mnVh?ref=rss&ecode=FArWteAQFHbsjpvX,Corruption and transparency,61.52401,105.318756
124,"Fri, 17 May 2019 09:43:00 GMT",Tibet,human rights in tibet took downward turn in report dharamsala based tibetan centre for span class match human rights span and democracy said that new detention arrest and torture of span class match human rights span and environmental activists and of peaceful tibetan protesters and other span class match human rights span activists continued unabated quot tchrd ,Human Rights in Tibet Took Downward Turn in 2018: Report,https://humanrights.einnews.com/article/485465991/VGoiyj6ctJVJxyoe?ref=rss&ecode=FArWteAQFHbsjpvX,Respect for integrity of the person,30.1533605,88.7878678
125,"Fri, 17 May 2019 07:12:48 GMT",Jamaica,alveda king visits jamaica to speak on human rights alveda king will speak on span class match human rights span in line with her uncle freedom from sin and the span class match human rights span for little kids in the ,Alveda King visits Jamaica to speak on human rights,https://humanrights.einnews.com/article/485459472/chDaQRd0w7sr59sN?ref=rss&ecode=FArWteAQFHbsjpvX,Respect for civil liberties,18.109581,-77.297508
126,"Fri, 17 May 2019 12:13:19 GMT",India,human rights defender from india deepika singh rajawat introduced to bc legislature premier john horgan greets deepika singh rajawat as rachna singh looks on deepika singh rajawat who stepped forward to take up the case of asifa bano a muslim nomad girl who was raped and murdered by hindu fundamentalists in kathua jammu and kashmir ,"Human rights defender from India, Deepika Singh Rajawat, introduced to BC Legislature",https://humanrights.einnews.com/article/485472542/83Dz4Wt__s8PW5aX?ref=rss&ecode=FArWteAQFHbsjpvX,"Discrimination, societal abuses, human trafficking",20.593684,78.96288
130,"Fri, 17 May 2019 01:00:46 GMT",Russia,russia will respond to u s human rights sanctions embassy least three russians for alleged span class match human rights span violations will be met with ,Russia will respond to U.S. human rights sanctions - embassy,https://humanrights.einnews.com/article/485443335/RWQRJD7g0obIo0gZ?ref=rss&ecode=FArWteAQFHbsjpvX,Workers rights,61.52401,105.318756
131,"Fri, 17 May 2019 00:02:33 GMT",Taiwan,intl human rights group to hold first asian congress in taiwan federation for span class match human rights span fidh a paris based span class match human rights span group consisting actions to address span class match human rights span violations and protect span class match human rights span and freedoms currently the universality of span class match human rights span the consolidation of span class match human rights span movements and ,Int'l human rights group to hold first Asian congress in Taiwan,https://humanrights.einnews.com/article/485440309/qWzNHH60ZNwmtU6t?ref=rss&ecode=FArWteAQFHbsjpvX,Respect for civil liberties,23.69781,120.960515
133,"Fri, 17 May 2019 02:53:39 GMT",Ugandan,jailed ugandan activist stella nyanzi wins human rights award allafrica is a voice of by and about africa aggregating producing and distributing news and information items daily from over african news organizations and our own reporters to an african and global public we operate from cape town dakar ,Jailed Ugandan Activist Stella Nyanzi Wins Human Rights Award,https://humanrights.einnews.com/article/485448561/i0lqfcoNWeP_RI76?ref=rss&ecode=FArWteAQFHbsjpvX,Corruption and transparency,1.373333,32.290275
